symbol,name,price,change,change_percent,volume,market_cap,last_updated,is_tracked
A,Agilent Technologies,144.69,-1.67,-1.14102,1187013,41019677474,2025-11-03 05:00:00+00,true
AAPL,Apple Inc.Apple Inc.,269.05,-1.32001,-0.488223,48150989,3975577594274,2025-11-03 05:00:00+00,true
ABBV,AbbVie,211.96,-6.07999,-2.78847,8868311,374439699166,2025-11-03 05:00:00+00,true
ABNB,Airbnb,126.8,0.260002,0.20547,3925013,77508786040,2025-11-03 05:00:00+00,true
ABT,Abbott Laboratories,123.84,0.219994,0.17796,5367854,217170960405,2025-11-03 05:00:00+00,true
ACGL,Arch Capital Group,86,-0.309998,-0.359168,2802818,31587800000,2025-11-03 05:00:00+00,true
ACN,Accenture,248.44,-1.66,-0.663736,3180173,154067307842,2025-11-03 05:00:00+00,true
ADBE,Adobe Inc.,337.47,-2.84,-0.834532,3713475,141264942510,2025-11-03 05:00:00+00,true
ADI,Analog Devices,233.61,-0.520004,-0.222101,2064422,114925709704,2025-11-03 05:00:00+00,true
ADM,Archer Daniels Midland,60.09,-0.439999,-0.72691,2768935,28947426358,2025-11-03 05:00:00+00,true
ADP,Automatic Data Processing,257.17,-3.12997,-1.20245,2326795,104624177216,2025-11-03 05:00:00+00,true
ADSK,Autodesk,303.64,2.30002,0.763264,1039657,64675323120,2025-11-03 05:00:00+00,true
AEE,Ameren,101.54,-0.479996,-0.470492,961765,27648511042,2025-11-03 05:00:00+00,true
AEP,American Electric Power,119.92,-0.340004,-0.282724,2656832,65059066240,2025-11-03 05:00:00+00,true
AES,AES Corporation,13.62,-0.25,-1.80245,9406629,9802997260,2025-11-03 05:00:00+00,true
AFL,Aflac,106.97,-0.220001,-0.205244,1418228,57210925138,2025-11-03 05:00:00+00,true
AIG,American International Group,78.96,0,0,3294870,43744143488,2025-11-03 05:00:00+00,true
AIZ,Assurant,212.11,0.389999,0.184205,221298,10702903276,2025-11-03 05:00:00+00,true
AJG,Arthur J. Gallagher & Co.,242.98,-6.51001,-2.60933,2115857,65421988202,2025-11-03 05:00:00+00,true
AKAM,Akamai Technologies,74.53,-0.57,-0.758988,1961960,10686523226,2025-11-03 05:00:00+00,true
ALB,Albemarle Corporation,96.53,-1.7,-1.73064,2540042,11359933282,2025-11-03 05:00:00+00,true
ALGN,Align Technology,138.53,0.649994,0.47142,1233770,10041536470,2025-11-03 05:00:00+00,true
ALL,Allstate,191.25,-0.270004,-0.14098,1347754,50395395127,2025-11-03 05:00:00+00,true
ALLE,Allegion,164.68,-1.09001,-0.657545,609782,14167741389,2025-11-03 05:00:00+00,true
AMAT,Applied Materials,237.71,4.61,1.97769,6016758,189369876670,2025-11-03 05:00:00+00,true
AMCR,Amcor,7.86,-0.04,-0.506329,28401831,18143709444,2025-11-03 05:00:00+00,true
AMD,Advanced Micro Devices,259.65,3.53,1.37826,33423917,421371353943,2025-11-03 05:00:00+00,true
AME,Ametek,198.71,-3.39999,-1.68225,1174910,45743813149,2025-11-03 05:00:00+00,true
AMGN,Amgen,296.3,-2.13,-0.713737,2751984,159516609879,2025-11-03 05:00:00+00,true
AMP,Ameriprise Financial,452.38,-0.389984,-0.0861329,701848,42646571035,2025-11-03 05:00:00+00,true
AMT,American Tower,176.64,-2.34,-1.30741,3383077,82910571407,2025-11-03 05:00:00+00,true
AMZN,Amazon,254,9.78,4.00459,91993793,2715314866794,2025-11-03 05:00:00+00,true
ANET,Arista Networks,157.59,-0.100006,-0.0634194,5309607,199011462039,2025-11-03 05:00:00+00,true
AON,Aon plc,339.84,-0.839996,-0.246565,1461129,73278541934,2025-11-03 05:00:00+00,true
AOS,A. O. Smith,65.66,-0.329994,-0.500067,1027495,9142355639,2025-11-03 05:00:00+00,true
APA,APA Corporation,22.49,-0.16,-0.706401,5750242,8046617403,2025-11-03 05:00:00+00,true
APD,Air Products,239.36,-3.23,-1.33146,1166890,53724991467,2025-11-03 05:00:00+00,true
APH,Amphenol,141.55,2.21001,1.58605,9526709,173265060892,2025-11-03 05:00:00+00,true
APO,Apollo Global Management,123.95,-0.360001,-0.289599,3947412,70902712057,2025-11-03 05:00:00+00,true
APTV,Aptiv,81.77,0.669998,0.826138,2808064,17668812712,2025-11-03 05:00:00+00,true
ARE,Alexandria Real Estate Equities,55.69,-2.53,-4.34559,2950989,9624627298,2025-11-03 05:00:00+00,true
ATO,Atmos Energy,172.7,0.979996,0.570694,551269,27722420221,2025-11-03 05:00:00+00,true
AVB,AvalonBay Communities,175.37,1.45,0.833715,960886,25017285297,2025-11-03 05:00:00+00,true
AVGO,Broadcom,362.55,-7.08002,-1.91543,15631322,1712093381080,2025-11-03 05:00:00+00,true
AVY,Avery Dennison,174.27,-0.619995,-0.354506,647303,13470268642,2025-11-03 05:00:00+00,true
AWK,American Water Works,125.97,-2.45999,-1.91543,1324726,24579715721,2025-11-03 05:00:00+00,true
AXON,Axon Enterprise,724.1,-8.13,-1.11031,596586,57361321026,2025-11-03 05:00:00+00,true
AXP,American Express,361.62,0.889984,0.246718,1409003,249102531394,2025-11-03 05:00:00+00,true
AZO,AutoZone,3576.14,-98.29,-2.67497,226686,59480729674,2025-11-03 05:00:00+00,true
BA,Boeing,204.55,3.53,1.75604,7451416,155477530299,2025-11-03 05:00:00+00,true
BAC,Bank of America,53.56,0.110001,0.205801,31199775,392563848582,2025-11-03 05:00:00+00,true
BALL,Ball Corporation,47.11,0.110001,0.234044,3021939,12820934609,2025-11-03 05:00:00+00,true
BAX,Baxter International,18.21,-0.26,-1.40769,11393299,9353039050,2025-11-03 05:00:00+00,true
BBY,Best Buy,81.52,-0.620003,-0.754812,3286204,17344310407,2025-11-03 05:00:00+00,true
BDX,Becton Dickinson,177.3,-1.41,-0.78899,2913319,51009576293,2025-11-03 05:00:00+00,true
BEN,Franklin Resources,22.84,0.23,1.01725,3311256,11858424728,2025-11-03 05:00:00+00,true
BF.B,Brown–Forman,27.53,0.300001,1.10173,4233527,12736963027,2025-11-03 05:00:00+00,true
BG,Bunge Global,94.02,-0.580002,-0.61311,945628,18809830260,2025-11-03 05:00:00+00,true
BIIB,Biogen,151.44,-2.83,-1.83445,2094776,22216592429,2025-11-03 05:00:00+00,true
BK,BNY Mellon,108.06,0.129997,0.120446,2249169,75355544636,2025-11-03 05:00:00+00,true
BKNG,Booking Holdings,5030.55,-47.1904,-0.929359,226906,162153811752,2025-11-03 05:00:00+00,true
BKR,Baker Hughes,48.64,0.23,0.475107,5211965,47996681018,2025-11-03 05:00:00+00,true
BLDR,Builders FirstSource,112.97,-3.2,-2.75458,2312075,12492288370,2025-11-03 05:00:00+00,true
BLK,BlackRock,1068.83,-13.9801,-1.29109,790026,165775526184,2025-11-03 05:00:00+00,true
BMY,Bristol Myers Squibb,46.02,-0.0499992,-0.108529,19859846,93685355234,2025-11-03 05:00:00+00,true
BR,Broadridge Financial Solutions,221.18,0.779999,0.353901,814095,25886381482,2025-11-03 05:00:00+00,true
BRK.B,Berkshire Hathaway,475.68,-1.86002,-0.389499,4878988,1028380563308,2025-11-03 05:00:00+00,true
BRO,Brown & Brown,77.82,-1.92,-2.40782,3652692,26569365773,2025-11-03 05:00:00+00,true
BSX,Boston Scientific,98.59,-2.13,-2.11478,7956403,146085888169,2025-11-03 05:00:00+00,true
BX,Blackstone Inc.,144.42,-2.22,-1.51391,4483297,179800828037,2025-11-03 05:00:00+00,true
BXP,"BXP, Inc.",70.61,-0.580002,-0.814724,984140,12485844323,2025-11-03 05:00:00+00,true
C,Citigroup,101.61,0.379997,0.37538,7508218,181810774092,2025-11-03 05:00:00+00,true
CAG,Conagra Brands,17.29,0.1,0.581736,12352296,8381361227,2025-11-03 05:00:00+00,true
CAH,Cardinal Health,190.22,-0.550003,-0.288307,2002826,45192978060,2025-11-03 05:00:00+00,true
CARR,Carrier Global,57.86,-1.63,-2.73996,4744440,48730258442,2025-11-03 05:00:00+00,true
CAT,Caterpillar Inc.,570.59,-6.66998,-1.15546,2431450,267309401255,2025-11-03 05:00:00+00,true
CB,Chubb Limited,278.25,1.31,0.473026,1620995,109948388382,2025-11-03 05:00:00+00,true
CBOE,Cboe Global Markets,246.92,1.28,0.521087,1030032,25838823205,2025-11-03 05:00:00+00,true
CBRE,CBRE Group,150.61,-1.81999,-1.19399,1312676,44955739783,2025-11-03 05:00:00+00,true
CCI,Crown Castle,89.52,-0.700005,-0.775886,3524003,38983278398,2025-11-03 05:00:00+00,true
CCL,Carnival,28.71,-0.120001,-0.416236,21210070,37046654819,2025-11-03 05:00:00+00,true
CDNS,Cadence Design Systems,335.41,-3.28,-0.968437,1452171,91298938406,2025-11-03 05:00:00+00,true
CDW,CDW Corporation,154.83,-4.53999,-2.84871,2278302,20292135388,2025-11-03 05:00:00+00,true
CEG,Constellation Energy,377.71,0.709991,0.188327,2243569,117998708574,2025-11-03 05:00:00+00,true
CF,CF Industries,84.41,1.12,1.3447,1886757,13672137724,2025-11-03 05:00:00+00,true
CFG,Citizens Financial Group,51.01,0.139999,0.27521,2700652,22008424049,2025-11-03 05:00:00+00,true
CHD,Church & Dwight,86.28,-1.41,-1.60794,3608277,21018557907,2025-11-03 05:00:00+00,true
CHRW,C.H. Robinson,152.15,-1.84001,-1.19489,1644891,17974570911,2025-11-03 05:00:00+00,true
CHTR,Charter Communications,222.2,-11.64,-4.97776,2972628,30350516227,2025-11-03 05:00:00+00,true
CI,Cigna,258.62,14.21,5.814,5429053,69084077229,2025-11-03 05:00:00+00,true
CINF,Cincinnati Financial,153.66,-0.929993,-0.601587,715334,23981559270,2025-11-03 05:00:00+00,true
CL,Colgate-Palmolive,74.98,-2.07,-2.68657,9898990,60600399421,2025-11-03 05:00:00+00,true
CLX,Clorox,109.14,-3.32,-2.95216,3364831,13290368337,2025-11-03 05:00:00+00,true
CMCSA,Comcast,26.98,-0.860001,-3.08908,38102893,98312272076,2025-11-03 05:00:00+00,true
CME,CME Group,264.16,-1.32999,-0.500955,1321978,95256040526,2025-11-03 05:00:00+00,true
CMG,Chipotle Mexican Grill,31.51,-0.18,-0.568003,31094983,41664980082,2025-11-03 05:00:00+00,true
CMI,Cummins,437.71,0.0299988,0.00685404,570755,60366821619,2025-11-03 05:00:00+00,true
CMS,CMS Energy,72.49,-1.06001,-1.4412,6864194,21698826928,2025-11-03 05:00:00+00,true
CNC,Centene Corporation,34.5,-0.869999,-2.45971,8889490,16957371000,2025-11-03 05:00:00+00,true
CNP,CenterPoint Energy,38.42,0.179996,0.470702,5604468,25522678564,2025-11-03 05:00:00+00,true
COF,Capital One,221.7,1.70999,0.777304,2111813,140934688059,2025-11-03 05:00:00+00,true
COIN,Coinbase,330.42,-13.36,-3.8862,9030672,89095712642,2025-11-03 05:00:00+00,true
COO,Cooper Companies (The),69.82,-0.090004,-0.128743,1852467,13880838803,2025-11-03 05:00:00+00,true
COP,ConocoPhillips,88.57,-0.290001,-0.326357,5310029,110618820104,2025-11-03 05:00:00+00,true
COR,Cencora,340.93,3.12,0.923595,1291685,66098784549,2025-11-03 05:00:00+00,true
COST,Costco,928.04,16.59,1.82017,3094448,411287992757,2025-11-03 05:00:00+00,true
CPAY,Corpay,263.36,3.00998,1.15613,731389,18597002872,2025-11-03 05:00:00+00,true
CPB,Campbell's Company (The),29.91,-0.219999,-0.730167,4783085,8948627671,2025-11-03 05:00:00+00,true
CPRT,Copart,43,-0.00999832,-0.0232465,6212880,41616878082,2025-11-03 05:00:00+00,true
CPT,Camden Property Trust,99.99,0.509995,0.51266,946324,10684203944,2025-11-03 05:00:00+00,true
CRL,Charles River Laboratories,178.86,-1.21001,-0.671965,578871,8802447907,2025-11-03 05:00:00+00,true
CRM,Salesforce,261.34,0.929993,0.357126,7041868,248795676513,2025-11-03 05:00:00+00,true
CRWD,CrowdStrike,551.92,8.90997,1.64085,1872893,138507156580,2025-11-03 05:00:00+00,true
CSCO,Cisco,74.45,1.34,1.83285,21662178,293386957374,2025-11-03 05:00:00+00,true
CSGP,CoStar Group,69.38,0.57,0.828368,7399490,29404824075,2025-11-03 05:00:00+00,true
CSX,CSX Corporation,35.83,-0.189999,-0.527481,12942857,66720370543,2025-11-03 05:00:00+00,true
CTAS,Cintas,182.04,-1.23001,-0.671147,2253585,73155807365,2025-11-03 05:00:00+00,true
CTRA,Coterra,24.39,0.73,3.08537,13515296,18612983451,2025-11-03 05:00:00+00,true
CTSH,Cognizant,72.73,-0.149994,-0.205809,5385316,35102879601,2025-11-03 05:00:00+00,true
CTVA,Corteva,62.06,0.620003,1.00912,4322431,42144946932,2025-11-03 05:00:00+00,true
CVS,CVS Health,78.44,0.290001,0.371082,6587927,99574287222,2025-11-03 05:00:00+00,true
CVX,Chevron Corporation,154.04,-3.68001,-2.33325,6741843,310363225271,2025-11-03 05:00:00+00,true
CYCU,CYCU,3.03,-0.39,-11.4035,239335,8765247,2025-11-03 05:00:00+00,true
CZR,Caesars Entertainment,20.45,0.35,1.7413,11384448,4174007590,2025-11-03 05:00:00+00,true
D,Dominion Energy,58.49,-0.199997,-0.340768,4785981,49945389004,2025-11-03 05:00:00+00,true
DAL,Delta Air Lines,58.5,1.12,1.9519,7594663,38198321928,2025-11-03 05:00:00+00,true
DASH,DoorDash,242.05,-12.32,-4.84334,5142115,103402510389,2025-11-03 05:00:00+00,true
DAY,Dayforce,68.69,-0.0499954,-0.0727312,1812861,10992801999,2025-11-03 05:00:00+00,true
DD,DuPont,34.69,-46.96,-57.5138,12083573,14525281227,2025-11-03 05:00:00+00,true
DDOG,Datadog,162.08,-0.729996,-0.448373,4125955,54531789224,2025-11-03 05:00:00+00,true
DE,Deere & Company,461.94,0.309998,0.0671528,957217,125898491450,2025-11-03 05:00:00+00,true
DECK,Deckers Brands,81.12,-0.379997,-0.466254,4658025,12033613932,2025-11-03 05:00:00+00,true
DELL,Dell Technologies,160.11,-1.89999,-1.17276,4601886,107305751709,2025-11-03 05:00:00+00,true
DG,Dollar General,99.17,0.509995,0.516921,2098610,21827914393,2025-11-03 05:00:00+00,true
DGX,Quest Diagnostics,178.84,2.89,1.64251,1076268,19894583612,2025-11-03 05:00:00+00,true
DHI,D. R. Horton,145.06,-4.02,-2.69654,3740003,42776737167,2025-11-03 05:00:00+00,true
DHR,Danaher Corporation,214.06,-1.32001,-0.612874,3093323,151201185731,2025-11-03 05:00:00+00,true
DIS,Walt Disney Company (The),112.12,-0.5,-0.443971,8450079,201584346294,2025-11-03 05:00:00+00,true
DLR,Digital Realty,171.96,1.55,0.909573,1513300,60135197109,2025-11-03 05:00:00+00,true
DLTR,Dollar Tree,100.85,1.73,1.74535,4022193,20570156554,2025-11-03 05:00:00+00,true
DOC,Healthpeak Properties,17.69,-0.26,-1.44847,7867491,12293662740,2025-11-03 05:00:00+00,true
DOV,Dover Corporation,178.16,-3.3,-1.81858,926908,24435218711,2025-11-03 05:00:00+00,true
DOW,Dow Inc.,23.23,-0.620001,-2.59958,12964096,16511126190,2025-11-03 05:00:00+00,true
DPZ,Domino's,403.63,5.17001,1.2975,702573,13637131336,2025-11-03 05:00:00+00,true
DRI,Darden Restaurants,177.57,-2.57999,-1.43213,1965577,20653835570,2025-11-03 05:00:00+00,true
DTE,DTE Energy,133.87,-1.67,-1.23211,1342806,27802523802,2025-11-03 05:00:00+00,true
DUK,Duke Energy,123.67,-0.630005,-0.506842,2394691,96872868101,2025-11-03 05:00:00+00,true
DVA,DaVita,119.05,0.0300064,0.0252112,1364010,8404930215,2025-11-03 05:00:00+00,true
DVN,Devon Energy,32.82,0.329998,1.01569,7270907,20834135806,2025-11-03 05:00:00+00,true
DXCM,Dexcom,60.43,2.21,3.79594,17445551,27760214674,2025-11-03 05:00:00+00,true
EA,Electronic Arts,199.89,-0.169998,-0.0849736,2551190,49853477745,2025-11-03 05:00:00+00,true
EBAY,eBay Inc.,82.77,1.46,1.7956,7412793,38951686644,2025-11-03 05:00:00+00,true
ECL,Ecolab,257.45,1.05002,0.409524,1490191,72919022322,2025-11-03 05:00:00+00,true
ED,Consolidated Edison,96.64,-0.770004,-0.790478,1062528,35132461310,2025-11-03 05:00:00+00,true
EFX,Equifax,209.84,-1.26001,-0.596878,996954,25683164275,2025-11-03 05:00:00+00,true
EG,Everest Group,313.45,-1.06998,-0.340194,391394,13158022792,2025-11-03 05:00:00+00,true
EIX,Edison International,54.39,-0.990002,-1.78765,4114758,20928567740,2025-11-03 05:00:00+00,true
EL,Estée Lauder Companies (The),93.25,-3.44,-3.55776,3826908,33603592380,2025-11-03 05:00:00+00,true
ELV,Elevance Health,313.19,-4.01001,-1.26419,1529849,69602958726,2025-11-03 05:00:00+00,true
EMN,Eastman Chemical Company,57.89,-1.63,-2.73858,4286713,6669985811,2025-11-03 05:00:00+00,true
EMR,Emerson Electric,140.03,0.459991,0.329578,2710695,78808883312,2025-11-03 05:00:00+00,true
ENPH,Enphase Energy,29.51,-1,-3.27761,7763494,3861670042,2025-11-03 05:00:00+00,true
EOG,EOG Resources,105.64,-0.199997,-0.188962,3715379,57678744132,2025-11-03 05:00:00+00,true
EPAM,EPAM Systems,161.71,-1.82999,-1.11898,826802,9006747528,2025-11-03 05:00:00+00,true
EQIX,Equinix,832.84,-13.17,-1.55672,489622,81773295838,2025-11-03 05:00:00+00,true
EQR,Equity Residential,59.08,-0.359997,-0.605647,2728028,23167547020,2025-11-03 05:00:00+00,true
EQT,EQT Corporation,55.86,2.28,4.25532,6360466,34860383000,2025-11-03 05:00:00+00,true
ERIE,Erie Indemnity,285.35,-7.29001,-2.49112,190148,14920914152,2025-11-03 05:00:00+00,true
ES,Eversource Energy,74.36,0.550003,0.745161,2632242,27596125085,2025-11-03 05:00:00+00,true
ESS,Essex Property Trust,254.32,2.55,1.01283,486064,17565494050,2025-11-03 05:00:00+00,true
ETN,Eaton Corporation,386.57,5.01001,1.31303,2764480,151095153549,2025-11-03 05:00:00+00,true
ETR,Entergy,96.87,0.780006,0.811746,2294738,43261843317,2025-11-03 05:00:00+00,true
EVRG,Evergy,77.27,0.459999,0.598879,1433520,17784100340,2025-11-03 05:00:00+00,true
EW,Edwards Lifesciences,83.07,0.620003,0.751974,4256444,49045971991,2025-11-03 05:00:00+00,true
EXC,Exelon,46.2,0.0800018,0.173465,8063895,46661413753,2025-11-03 05:00:00+00,true
EXE,Expand Energy,110.08,6.77,6.5531,5970061,26217720681,2025-11-03 05:00:00+00,true
EXPD,Expeditors International,122.46,0.559998,0.459391,2077199,16620089834,2025-11-03 05:00:00+00,true
EXPE,Expedia Group,215.61,-4.39,-1.99545,1875579,26674316926,2025-11-03 05:00:00+00,true
EXR,Extra Space Storage,131.2,-2.34,-1.75228,1260747,29073319608,2025-11-03 05:00:00+00,true
F,Ford Motor Company,13.01,-0.12,-0.913937,75930220,51561961454,2025-11-03 05:00:00+00,true
FANG,Diamondback Energy,141.27,-1.92,-1.34087,1961511,40895705409,2025-11-03 05:00:00+00,true
FAST,Fastenal,41.04,-0.110001,-0.267316,6363886,47573373792,2025-11-03 05:00:00+00,true
FCX,Freeport-McMoRan,41.18,-0.52,-1.247,10056934,59125179276,2025-11-03 05:00:00+00,true
FDS,FactSet,264.57,-2.22998,-0.835825,881973,9983312700,2025-11-03 05:00:00+00,true
FDX,FedEx,252.99,-0.830002,-0.327004,1183151,59694373374,2025-11-03 05:00:00+00,true
FE,FirstEnergy,46.04,0.209999,0.458213,4037869,26822044552,2025-11-03 05:00:00+00,true
FFIV,"F5, Inc.",249.04,-4.01001,-1.58467,1410250,14572265401,2025-11-03 05:00:00+00,true
FI,Fiserv,65.14,-1.55,-2.32419,19258866,35035671590,2025-11-03 05:00:00+00,true
FICO,Fair Isaac,1650.51,-9.02002,-0.543529,240179,39618274498,2025-11-03 05:00:00+00,true
FIS,Fidelity National Information Services,62.2,-0.32,-0.511836,3315742,32491947887,2025-11-03 05:00:00+00,true
FITB,Fifth Third Bancorp,41.53,-0.0900002,-0.216243,7096028,27450207883,2025-11-03 05:00:00+00,true
FOX,Fox Corporation (Class B),57.32,-1.09,-1.86612,1638551,26722710764,2025-11-03 05:00:00+00,true
FOXA,Fox Corporation (Class A),63.62,-1.03,-1.5932,4152579,27209836982,2025-11-03 05:00:00+00,true
FRT,Federal Realty Investment Trust,95.68,-0.510002,-0.530203,1080673,8304951118,2025-11-03 05:00:00+00,true
FSLR,First Solar,265.705,-1.23502,-0.462657,2594173,28512308163,2025-11-03 05:00:00+00,true
FTNT,Fortinet,87.52,1.09,1.26113,6236386,67063600635,2025-11-03 05:00:00+00,true
FTV,Fortive,50.1,-0.240002,-0.476761,2686470,15912342478,2025-11-03 05:00:00+00,true
GD,General Dynamics,341.87,-3.03,-0.878515,1057043,92346074187,2025-11-03 05:00:00+00,true
GDDY,GoDaddy,135.02,1.89,1.41966,2238146,18246818599,2025-11-03 05:00:00+00,true
GE,GE Aerospace,308.62,-0.330017,-0.106819,3248685,325536664062,2025-11-03 05:00:00+00,true
GEHC,GE HealthCare,74.47,-0.479996,-0.640421,4280831,33945323754,2025-11-03 05:00:00+00,true
GEN,Gen Digital,26.28,-0.0799999,-0.30349,3054160,16185040712,2025-11-03 05:00:00+00,true
GEV,GE Vernova,581.26,-3.88,-0.66309,1635356,157707732647,2025-11-03 05:00:00+00,true
GILD,Gilead Sciences,122.05,2.26,1.88664,8139771,151586103790,2025-11-03 05:00:00+00,true
GIS,General Mills,46.43,-0.18,-0.386184,6861453,24766524636,2025-11-03 05:00:00+00,true
GL,Globe Life,130.64,-0.869995,-0.661543,730197,10657136796,2025-11-03 05:00:00+00,true
GLW,Corning Inc.,87.5,-1.58,-1.77369,4933407,75019034650,2025-11-03 05:00:00+00,true
GM,General Motors,68.22,-0.869995,-1.25922,10235507,63639799229,2025-11-03 05:00:00+00,true
GNRC,Generac,163.75,-4.27,-2.54137,1278206,9611922113,2025-11-03 05:00:00+00,true
GOOG,Alphabet Inc. (Class C),284.12,2.29999,0.816119,19627846,3426629191166,2025-11-03 05:00:00+00,true
GOOGL,Alphabet Inc. (Class A),283.72,2.53,0.899747,28553316,3429471543521,2025-11-03 05:00:00+00,true
GPC,Genuine Parts Company,123.61,-3.7,-2.90629,1111264,17195448989,2025-11-03 05:00:00+00,true
GPN,Global Payments,77.1,-0.660004,-0.84877,3311871,18928717080,2025-11-03 05:00:00+00,true
GRMN,Garmin,210.54,-3.40001,-1.58923,865403,40494168763,2025-11-03 05:00:00+00,true
GS,Goldman Sachs,785.52,-3.84998,-0.487728,1344764,242735939427,2025-11-03 05:00:00+00,true
GWW,W. W. Grainger,966.32,-12.68,-1.2952,373031,46221254372,2025-11-03 05:00:00+00,true
HAL,Halliburton,27.18,0.34,1.26677,7331316,22875411516,2025-11-03 05:00:00+00,true
HAS,Hasbro,75.85,-0.459999,-0.602803,1601411,10671484723,2025-11-03 05:00:00+00,true
HBAN,Huntington Bancshares,15.37,-0.0699997,-0.453366,21823850,24058182444,2025-11-03 05:00:00+00,true
HCA,HCA Healthcare,461.56,1.88,0.408981,984269,105325175926,2025-11-03 05:00:00+00,true
HD,Home Depot (The),378.35,-1.23999,-0.326666,2340923,376604543967,2025-11-03 05:00:00+00,true
HIG,Hartford (The),124.27,0.0899963,0.0724725,1121639,34745891061,2025-11-03 05:00:00+00,true
HII,Huntington Ingalls Industries,317.54,-4.47998,-1.39121,640861,12460725287,2025-11-03 05:00:00+00,true
HLT,Hilton Worldwide,259.09,2.13,0.828925,1740880,60221626307,2025-11-03 05:00:00+00,true
HOLX,Hologic,74.06,0.149994,0.202941,2818236,16483275261,2025-11-03 05:00:00+00,true
HON,Honeywell,197.77,-3.56,-1.76824,4960357,125561645838,2025-11-03 05:00:00+00,true
HPE,Hewlett Packard Enterprise,24.5,0.0799999,0.3276,24176076,32326526519,2025-11-03 05:00:00+00,true
HPQ,HP Inc.,27.01,-0.66,-2.38525,8311266,25246297209,2025-11-03 05:00:00+00,true
HRL,Hormel Foods,21.48,-0.110001,-0.509498,4078127,11813966089,2025-11-03 05:00:00+00,true
HSIC,Henry Schein,64.64,1.44,2.27848,3947516,7838789172,2025-11-03 05:00:00+00,true
HST,Host Hotels & Resorts,16.13,0.109999,0.686634,7790246,11268473900,2025-11-03 05:00:00+00,true
HSY,Hershey Company (The),162.31,-7.32001,-4.31528,2367657,32914052656,2025-11-03 05:00:00+00,true
HUBB,Hubbell Incorporated,467.61,-2.39001,-0.508514,544425,24851016704,2025-11-03 05:00:00+00,true
HUM,Humana,279.92,1.73001,0.621881,1233134,34564455797,2025-11-03 05:00:00+00,true
HWM,Howmet Aerospace,206.74,0.790009,0.383592,2179026,83212852210,2025-11-03 05:00:00+00,true
IBM,IBM,304.73,-2.67999,-0.871798,3271006,284841869593,2025-11-03 05:00:00+00,true
ICE,Intercontinental Exchange,145.59,-0.699997,-0.4785,4428163,83012298102,2025-11-03 05:00:00+00,true
IDXX,Idexx Laboratories,722.94,93.43,14.8417,1651825,57838593675,2025-11-03 05:00:00+00,true
IEX,IDEX Corporation,168.25,-3.21001,-1.87216,626717,12593417607,2025-11-03 05:00:00+00,true
IFF,International Flavors & Fragrances,62.08,-0.889999,-1.41337,3381204,15910302457,2025-11-03 05:00:00+00,true
INCY,Incyte,101.57,8.09,8.65425,6128238,19940496883,2025-11-03 05:00:00+00,true
INTC,Intel,39.5,-0.490002,-1.22531,59960541,189057292317,2025-11-03 05:00:00+00,true
INTU,Intuit,676.19,8.64001,1.29429,1263255,188525153630,2025-11-03 05:00:00+00,true
INVH,Invitation Homes,28.36,0.210001,0.746007,4565650,17385264278,2025-11-03 05:00:00+00,true
IP,International Paper,36.93,-1.71,-4.42546,6644885,19498378929,2025-11-03 05:00:00+00,true
IPG,Interpublic Group of Companies (The),25.01,-0.65,-2.53312,5092517,9178171909,2025-11-03 05:00:00+00,true
IQV,IQVIA,213.88,-2.58,-1.19191,1768759,36423764831,2025-11-03 05:00:00+00,true
IR,Ingersoll Rand,76,-0.330002,-0.432336,4438753,30028390020,2025-11-03 05:00:00+00,true
IRM,Iron Mountain,103.67,0.720001,0.69937,1443377,30618749944,2025-11-03 05:00:00+00,true
ISRG,Intuitive Surgical,544.21,9.92999,1.85857,2040078,192920315676,2025-11-03 05:00:00+00,true
IT,Gartner,245.92,-2.42,-0.97447,1020534,18624946567,2025-11-03 05:00:00+00,true
ITW,Illinois Tool Works,243.13,-0.789993,-0.323874,1023082,70532014416,2025-11-03 05:00:00+00,true
IVZ,Invesco,23.58,-0.120001,-0.506333,2484101,10495457966,2025-11-03 05:00:00+00,true
J,Jacobs Solutions,154.25,-1.56,-1.00122,850298,18438500343,2025-11-03 05:00:00+00,true
JBHT,J.B. Hunt,169.75,0.889999,0.527063,1135864,16165228674,2025-11-03 05:00:00+00,true
JBL,Jabil,220.31,-0.580002,-0.262575,1516628,23537333453,2025-11-03 05:00:00+00,true
JCI,Johnson Controls,113.18,-1.21,-1.05778,3488094,74063344298,2025-11-03 05:00:00+00,true
JKHY,Jack Henry & Associates,150.63,1.69,1.13469,1089532,10945559129,2025-11-03 05:00:00+00,true
JNJ,Johnson & Johnson,186.26,-2.61,-1.3819,7399054,448755292463,2025-11-03 05:00:00+00,true
JPM,JPMorgan Chase,309.35,-1.76999,-0.568909,7637173,842112586614,2025-11-03 05:00:00+00,true
K,Kellanova,83.06,0,0,1502743,28899283315,2025-11-03 05:00:00+00,true
KDP,Keurig Dr Pepper,26.64,-0.52,-1.91458,19330040,36192653620,2025-11-03 05:00:00+00,true
KEY,KeyCorp,17.54,-0.0499992,-0.284248,11811625,19521179098,2025-11-03 05:00:00+00,true
KEYS,Keysight Technologies,186.18,3.21999,1.75994,1509522,31996195180,2025-11-03 05:00:00+00,true
KHC,Kraft Heinz,24.33,-0.4,-1.61747,20113421,28798340146,2025-11-03 05:00:00+00,true
KIM,Kimco Realty,20.37,-0.289999,-1.40367,6924074,13794465203,2025-11-03 05:00:00+00,true
KKR,KKR & Co.,117.63,-0.700005,-0.59157,3805215,108868596163,2025-11-03 05:00:00+00,true
KLAC,KLA Corporation,1219.14,10.4,0.860402,905423,160541879833,2025-11-03 05:00:00+00,true
KMB,Kimberly-Clark,102.27,-17.44,-14.5685,36459748,33939159601,2025-11-03 05:00:00+00,true
KMI,Kinder Morgan,26.08,-0.110001,-0.42001,15598241,58021750801,2025-11-03 05:00:00+00,true
KMX,CarMax,41.34,-0.57,-1.36006,3845475,6070574100,2025-11-03 05:00:00+00,true
KO,Coca-Cola Company (The),67.97,-0.93,-1.34978,15648546,292719842161,2025-11-03 05:00:00+00,true
KR,Kroger,63.44,-0.190002,-0.298605,7186353,42040304859,2025-11-03 05:00:00+00,true
KVUE,Kenvue,16.14,1.77,12.3173,190293813,30973787337,2025-11-03 05:00:00+00,true
L,Loews Corporation,99.42,-0.139999,-0.140618,597481,20622331811,2025-11-03 05:00:00+00,true
LDOS,Leidos,193.05,2.58,1.35454,1630133,24767800334,2025-11-03 05:00:00+00,true
LEN,Lennar,120.59,-3.18,-2.56928,3288357,30677525883,2025-11-03 05:00:00+00,true
LH,Labcorp,257.84,3.87999,1.5278,861794,21400719696,2025-11-03 05:00:00+00,true
LHX,L3Harris,288.59,-0.51001,-0.176413,788599,55263687375,2025-11-03 05:00:00+00,true
LII,Lennox International,493.88,-11.12,-2.20198,460743,17321745745,2025-11-03 05:00:00+00,true
LIN,Linde plc,412.18,-6.12,-1.46306,4874833,193275127465,2025-11-03 05:00:00+00,true
LKQ,LKQ Corporation,30.425,-1.535,-4.80288,3627782,7787765537,2025-11-03 05:00:00+00,true
LLY,Lilly (Eli),896.53,33.67,3.90214,5395087,803700404409,2025-11-03 05:00:00+00,true
LMT,Lockheed Martin,487.94,-3.94,-0.801009,845739,112908241145,2025-11-03 05:00:00+00,true
LNT,Alliant Energy,66.47,-0.349998,-0.523793,2862032,17370187389,2025-11-03 05:00:00+00,true
LOW,Lowe's,235.64,-2.49001,-1.04565,1857633,132152780271,2025-11-03 05:00:00+00,true
LRCX,Lam Research,161.24,3.78,2.40061,7296514,207088231654,2025-11-03 05:00:00+00,true
LULU,Lululemon Athletica,165.47,-5.06999,-2.97291,4216957,19622948284,2025-11-03 05:00:00+00,true
LUV,Southwest Airlines,30.43,0.130001,0.429046,6870353,15737029242,2025-11-03 05:00:00+00,true
LVS,Las Vegas Sands,61.73,2.38,4.01011,6486877,41737781573,2025-11-03 05:00:00+00,true
LW,Lamb Weston,62.76,1.03,1.66855,1754785,8810933150,2025-11-03 05:00:00+00,true
LYB,LyondellBasell,46.27,-0.149998,-0.323132,5658539,14893062191,2025-11-03 05:00:00+00,true
LYV,Live Nation Entertainment,149.84,0.309998,0.207315,2568113,34755403333,2025-11-03 05:00:00+00,true
MA,Mastercard,544.07,-7.91998,-1.43481,2530622,490068445929,2025-11-03 05:00:00+00,true
MAA,Mid-America Apartment Communities,127.59,-0.639999,-0.499103,1364004,15384109582,2025-11-03 05:00:00+00,true
MAR,Marriott International,263.89,3.31003,1.27025,2194514,72099604411,2025-11-03 05:00:00+00,true
MAS,Masco,63.7,-1.06,-1.63681,3068080,13277199330,2025-11-03 05:00:00+00,true
MCD,McDonald's,296.37,-2.06,-0.690278,3863474,211490942620,2025-11-03 05:00:00+00,true
MCHP,Microchip Technology,62.41,-0.00999832,-0.0160178,5728989,33681407935,2025-11-03 05:00:00+00,true
MCK,McKesson Corporation,820.29,8.94995,1.10311,397428,103815755248,2025-11-03 05:00:00+00,true
MCO,Moody's Corporation,485.95,5.65002,1.17635,689518,86693482177,2025-11-03 05:00:00+00,true
MDLZ,Mondelez International,56.65,-0.809998,-1.40967,8848630,73098810540,2025-11-03 05:00:00+00,true
MDT,Medtronic,90.2,-0.5,-0.551268,5239858,116036357486,2025-11-03 05:00:00+00,true
MET,MetLife,79.21,-0.610001,-0.76422,2890510,52676713128,2025-11-03 05:00:00+00,true
META,Meta Platforms,637.71,-10.64,-1.64108,32038521,1607365709265,2025-11-03 05:00:00+00,true
MGM,MGM Resorts,32.13,0.100002,0.312214,7009097,8787762209,2025-11-03 05:00:00+00,true
MHK,Mohawk Industries,111.2,-2.44,-2.14713,784134,6874535265,2025-11-03 05:00:00+00,true
MKC,McCormick & Company,63.84,-0.320004,-0.498759,2177553,17124268315,2025-11-03 05:00:00+00,true
MKTX,MarketAxess,159.16,-0.899994,-0.562285,542685,5946818247,2025-11-03 05:00:00+00,true
MLM,Martin Marietta Materials,619.3,6.20001,1.01126,571635,37347506921,2025-11-03 05:00:00+00,true
MMC,Marsh McLennan,177.13,-1.01999,-0.572545,3788238,86777704541,2025-11-03 05:00:00+00,true
MMM,3M,162.19,-4.31,-2.58859,2620086,86159391832,2025-11-03 05:00:00+00,true
MNST,Monster Beverage,66.51,-0.32,-0.478826,4328733,64942240936,2025-11-03 05:00:00+00,true
MO,Altria,56.67,0.289997,0.514362,12675979,95130313778,2025-11-03 05:00:00+00,true
MOH,Molina Healthcare,147.03,-6.03,-3.93963,1964205,7557341937,2025-11-03 05:00:00+00,true
MOS,Mosaic Company (The),27.26,-0.190001,-0.692169,6992577,8733680425,2025-11-03 05:00:00+00,true
MPC,Marathon Petroleum,195.79,0.87999,0.451485,1399392,59524134257,2025-11-03 05:00:00+00,true
MPWR,Monolithic Power Systems,1003.93,-1.07001,-0.106468,827918,52029968947,2025-11-03 05:00:00+00,true
MRK,Merck & Co.,82.49,-3.49001,-4.05909,11166104,206042131739,2025-11-03 05:00:00+00,true
MRNA,Moderna,24.91,-2.25,-8.28424,14599138,10080426687,2025-11-03 05:00:00+00,true
MS,Morgan Stanley,163.65,-0.350006,-0.213418,4719164,262367522044,2025-11-03 05:00:00+00,true
MSCI,MSCI Inc.,581.1,-7.45001,-1.26582,399859,43663584278,2025-11-03 05:00:00+00,true
MSFT,Microsoft,517.03,-0.779968,-0.150628,22312524,3842762436710,2025-11-03 05:00:00+00,true
MSI,Motorola Solutions,391.5,-15.21,-3.73976,2286935,65206281717,2025-11-03 05:00:00+00,true
MTB,M&T Bank,182.73,-1.14,-0.620003,940978,28083915755,2025-11-03 05:00:00+00,true
MTCH,Match Group,32.5,0.16,0.494743,6284853,7820219777,2025-11-03 05:00:00+00,true
MTD,Mettler Toledo,1406.88,-9.41003,-0.664414,105090,28980377495,2025-11-03 05:00:00+00,true
MU,Micron Technology,234.7,10.93,4.88448,21078543,263442774989,2025-11-03 05:00:00+00,true
NCLH,Norwegian Cruise Line Holdings,22.18,-0.24,-1.07047,26147794,10097466254,2025-11-03 05:00:00+00,true
NDAQ,"Nasdaq, Inc.",86.39,0.900002,1.05276,2918590,49328295108,2025-11-03 05:00:00+00,true
NDSN,Nordson Corporation,229.66,-2.28999,-0.987279,288487,12903746552,2025-11-03 05:00:00+00,true
NEE,NextEra Energy,81.78,0.379997,0.466827,7592506,170817977111,2025-11-03 05:00:00+00,true
NEM,Newmont,81.62,0.650002,0.802768,6330230,89068887506,2025-11-03 05:00:00+00,true
NFLX,Netflix,1100.09,-18.77,-1.6776,5682890,466143688827,2025-11-03 05:00:00+00,true
NI,NiSource,42.58,0.470001,1.11613,4720824,20150241951,2025-11-03 05:00:00+00,true
NKE,"Nike, Inc.",62.65,-1.93999,-3.00355,18433891,93053796478,2025-11-03 05:00:00+00,true
NOC,Northrop Grumman,575.41,-8.04004,-1.37802,466743,82122549919,2025-11-03 05:00:00+00,true
NOW,ServiceNow,913.84,-5.44,-0.591768,1742727,193403271948,2025-11-03 05:00:00+00,true
NRG,NRG Energy,174.48,2.62,1.52449,1585887,34001171508,2025-11-03 05:00:00+00,true
NSC,Norfolk Southern,282.17,-1.20999,-0.426985,1558801,63315174731,2025-11-03 05:00:00+00,true
NTAP,NetApp,116.94,-0.839996,-0.713191,1598517,23343374546,2025-11-03 05:00:00+00,true
NTRS,Northern Trust,127.68,-0.989998,-0.769408,837183,24146505731,2025-11-03 05:00:00+00,true
NUE,Nucor,148.12,-1.93001,-1.28624,1199733,33998789288,2025-11-03 05:00:00+00,true
NVDA,Nvidia,206.88,4.39,2.16801,177325919,5036907478881,2025-11-03 05:00:00+00,true
NVR,"NVR, Inc.",7072.32,-138.5,-1.92072,15418,19572843138,2025-11-03 05:00:00+00,true
NWS,News Corp (Class B),30.06,-0.41,-1.34559,912727,15381631506,2025-11-03 05:00:00+00,true
NWSA,News Corp (Class A),25.99,-0.51,-1.92453,4479593,15292118348,2025-11-03 05:00:00+00,true
NXPI,NXP Semiconductors,210.39,1.27,0.607309,1915363,52949791800,2025-11-03 05:00:00+00,true
O,Realty Income,58.2,0.220001,0.379443,5371365,53212614960,2025-11-03 05:00:00+00,true
ODFL,Old Dominion,137.51,-2.91,-2.07236,2448379,28900219364,2025-11-03 05:00:00+00,true
OKE,Oneok,65.36,-1.64,-2.44776,4989316,41126574949,2025-11-03 05:00:00+00,true
OMC,Omnicom Group,73.03,-1.99,-2.65262,2834162,14093590027,2025-11-03 05:00:00+00,true
ON,ON Semiconductor,50.46,0.379997,0.75878,18005848,20954126699,2025-11-03 05:00:00+00,true
ORCL,Oracle Corporation,257.85,-4.75998,-1.81257,13781222,735076890599,2025-11-03 05:00:00+00,true
ORLY,O’Reilly Automotive,91.7,-2.74001,-2.90132,10977866,78164418992,2025-11-03 05:00:00+00,true
OTIS,Otis Worldwide,90.17,-2.59,-2.79216,2243687,35140677571,2025-11-03 05:00:00+00,true
OXY,Occidental Petroleum,40.92,-0.280003,-0.679618,6188853,40283272440,2025-11-03 05:00:00+00,true
PANW,Palo Alto Networks,219.23,-1.01001,-0.458595,4609758,148390411749,2025-11-03 05:00:00+00,true
PAYC,Paycom,184.85,-2.23999,-1.19728,890686,10399031744,2025-11-03 05:00:00+00,true
PAYX,Paychex,115.11,-1.92,-1.6406,2942163,41427415020,2025-11-03 05:00:00+00,true
PCAR,Paccar,97.46,-0.940002,-0.955287,2488198,51186416347,2025-11-03 05:00:00+00,true
PCG,PG&E Corporation,15.91,-0.0500002,-0.313284,24509454,34968754526,2025-11-03 05:00:00+00,true
PEG,Public Service Enterprise Group,81.36,0.800003,0.993052,3029856,40605129090,2025-11-03 05:00:00+00,true
PEP,PepsiCo,143.6,-2.48999,-1.70442,6286468,196350049864,2025-11-03 05:00:00+00,true
PFE,Pfizer,24.66,0.0100002,0.0405689,129592163,140489836745,2025-11-03 05:00:00+00,true
PFG,Principal Financial Group,83.02,-1.02,-1.21371,1063729,18238982108,2025-11-03 05:00:00+00,true
PG,Procter & Gamble,148.02,-2.34999,-1.56281,8848729,345883309906,2025-11-03 05:00:00+00,true
PGR,Progressive Corporation,203.7,-2.3,-1.11651,4569891,120012135456,2025-11-03 05:00:00+00,true
PH,Parker Hannifin,771.88,-0.950012,-0.122926,659031,97868949812,2025-11-03 05:00:00+00,true
PHM,PulteGroup,118.76,-1.11,-0.926004,1816338,23148328728,2025-11-03 05:00:00+00,true
PKG,Packaging Corporation of America,195.59,-0.169998,-0.0868401,639728,17634910036,2025-11-03 05:00:00+00,true
PLD,Prologis,124.22,0.130005,0.104767,2339481,115514037466,2025-11-03 05:00:00+00,true
PLTR,Palantir Technologies,207.18,6.70999,3.34713,61717289,476987538399,2025-11-03 05:00:00+00,true
PM,Philip Morris International,144.6,0.270004,0.187074,4044816,227320130258,2025-11-03 05:00:00+00,true
PNC,PNC Financial Services,182.74,0.190002,0.104082,1352334,71703805871,2025-11-03 05:00:00+00,true
PNR,Pentair,106.84,0.489998,0.460741,996982,17613370529,2025-11-03 05:00:00+00,true
PNW,Pinnacle West Capital,89.45,0.93,1.05061,1801579,10807069010,2025-11-03 05:00:00+00,true
PODD,Insulet Corporation,318.77,5.75998,1.84019,619284,22439027608,2025-11-03 05:00:00+00,true
POOL,Pool Corporation,259.48,-7.57999,-2.83831,848435,9665496517,2025-11-03 05:00:00+00,true
PPG,PPG Industries,94.96,-2.79,-2.85422,2955394,21309023794,2025-11-03 05:00:00+00,true
PPL,PPL Corporation,36.41,-0.110001,-0.301206,3485989,26925749884,2025-11-03 05:00:00+00,true
PRU,Prudential Financial,104.63,0.629997,0.605767,1441690,36612293745,2025-11-03 05:00:00+00,true
PSA,Public Storage,277.62,-0.940002,-0.337451,939065,48712041089,2025-11-03 05:00:00+00,true
PSKY,Paramount Skydance Corporation,15.42,0.0299997,0.19493,6343821,16979567334,2025-11-03 05:00:00+00,true
PSX,Phillips 66,137.92,1.78,1.30748,2462562,55950498169,2025-11-03 05:00:00+00,true
PTC,PTC Inc.,196.36,-2.17999,-1.09801,1178512,23522495430,2025-11-03 05:00:00+00,true
PWR,Quanta Services,450.82,1.69,0.376284,702848,67877823501,2025-11-03 05:00:00+00,true
PYPL,PayPal,68.34,-0.93,-1.34257,13900383,63942451041,2025-11-03 05:00:00+00,true
QCOM,Qualcomm,180.72,-0.179993,-0.0994984,8225313,194996881317,2025-11-03 05:00:00+00,true
RCL,Royal Caribbean Group,277.8,-9.03,-3.14821,2463110,75759660292,2025-11-03 05:00:00+00,true
REG,Regency Centers,68.91,-0.0399933,-0.0580033,1504599,12593877740,2025-11-03 05:00:00+00,true
REGN,Regeneron Pharmaceuticals,642.25,-9.54999,-1.46517,699841,67500130754,2025-11-03 05:00:00+00,true
RF,Regions Financial Corporation,24.24,0.039999,0.165285,22365518,21629554296,2025-11-03 05:00:00+00,true
RJF,Raymond James Financial,158.88,0.210007,0.132354,933875,31474128967,2025-11-03 05:00:00+00,true
RKLB,RKLB,61.34,-1.64,-2.604,11247719,29686147264,2025-11-03 05:00:00+00,true
RL,Ralph Lauren Corporation,314.95,-4.70999,-1.47344,789818,19270046108,2025-11-03 05:00:00+00,true
RMD,ResMed,248.95,2.06999,0.838461,1352799,36338308445,2025-11-03 05:00:00+00,true
ROK,Rockwell Automation,364.54,-3.81998,-1.03702,573302,40986836043,2025-11-03 05:00:00+00,true
ROL,"Rollins, Inc.",58.5,0.889999,1.54487,2279946,28350785619,2025-11-03 05:00:00+00,true
ROP,Roper Technologies,448.54,2.39001,0.535698,1384397,48279693771,2025-11-03 05:00:00+00,true
ROST,Ross Stores,161.2,2.28,1.43468,2282134,52426473086,2025-11-03 05:00:00+00,true
RSG,Republic Services,205.28,-2.96001,-1.42144,1734090,63747386625,2025-11-03 05:00:00+00,true
RTX,RTX Corporation,177.04,-1.46001,-0.817931,3828899,237370255609,2025-11-03 05:00:00+00,true
RVTY,Revvity,92.97,-0.619995,-0.662459,838112,10791267904,2025-11-03 05:00:00+00,true
SBAC,SBA Communications,193.52,2.04001,1.06539,1811278,20779987054,2025-11-03 05:00:00+00,true
SBUX,Starbucks,80.96,0.0899963,0.111285,9291474,92043422959,2025-11-03 05:00:00+00,true
SCHW,Charles Schwab Corporation,93.15,-1.37,-1.44942,5660091,169087680564,2025-11-03 05:00:00+00,true
SHW,Sherwin-Williams,345.64,0.700012,0.202937,2305653,85681917464,2025-11-03 05:00:00+00,true
SJM,J.M. Smucker Company (The),103.64,0.0899963,0.086911,1393903,11056849917,2025-11-03 05:00:00+00,true
SLB,Schlumberger,37.02,0.959999,2.66223,19126292,55305053651,2025-11-03 05:00:00+00,true
SMCI,Supermicro,50.75,-1.21,-2.32871,23602203,30159370381,2025-11-03 05:00:00+00,true
SNA,Snap-on,337.78,2.23001,0.664584,240372,17727313148,2025-11-03 05:00:00+00,true
SNPS,Synopsys,445.72,-8.10001,-1.78485,1931038,82791898756,2025-11-03 05:00:00+00,true
SO,Southern Company,93.15,-0.889999,-0.946405,12019501,103691322286,2025-11-03 05:00:00+00,true
SOLV,Solventum,68.12,-0.919998,-1.33256,1072339,11811177275,2025-11-03 05:00:00+00,true
SPG,Simon Property Group,176.67,0.910004,0.517754,1965068,65727384961,2025-11-03 05:00:00+00,true
SPGI,S&P Global,497.02,9.81,2.0135,2068778,152145323638,2025-11-03 05:00:00+00,true
SRE,Sempra,92.58,0.639999,0.696105,2003491,60405898393,2025-11-03 05:00:00+00,true
STE,Steris,237.32,1.62001,0.687319,608596,23373791337,2025-11-03 05:00:00+00,true
STLD,Steel Dynamics,155.97,-0.830002,-0.529338,1290830,22777057136,2025-11-03 05:00:00+00,true
STT,State Street Corporation,116.69,1.03,0.89054,1141932,32592968838,2025-11-03 05:00:00+00,true
STX,Seagate Technology,265.55,9.66998,3.77911,4434355,56710354300,2025-11-03 05:00:00+00,true
STZ,Constellation Brands,130.82,-0.559998,-0.426243,1962169,22902353871,2025-11-03 05:00:00+00,true
SW,Smurfit Westrock,36.57,-0.349998,-0.947992,6476343,19095814521,2025-11-03 05:00:00+00,true
SWK,Stanley Black & Decker,66.36,-1.36,-2.00827,2838476,10402461506,2025-11-03 05:00:00+00,true
SWKS,Skyworks Solutions,76.54,-1.18,-1.51827,3819143,11379949502,2025-11-03 05:00:00+00,true
SYF,Synchrony Financial,74.01,-0.369995,-0.497439,2614356,26656263732,2025-11-03 05:00:00+00,true
SYK,Stryker Corporation,358.16,1.92001,0.538966,1551146,136968855168,2025-11-03 05:00:00+00,true
SYY,Sysco,72.9,-1.38,-1.85783,2455219,35106356850,2025-11-03 05:00:00+00,true
T,AT&T,24.53,-0.219999,-0.888886,87761237,174383774881,2025-11-03 05:00:00+00,true
TAP,Molson Coors Beverage Company,43.22,-0.5,-1.14364,2671766,8550880158,2025-11-03 05:00:00+00,true
TDG,TransDigm Group,1300,-8.51001,-0.650359,165462,73255370500,2025-11-03 05:00:00+00,true
TDY,Teledyne Technologies,518.32,-8.5,-1.61345,365096,24335635925,2025-11-03 05:00:00+00,true
TECH,Bio-Techne,61.26,-1.31,-2.09366,1879043,9537779934,2025-11-03 05:00:00+00,true
TEL,TE Connectivity,246.87,-0.139999,-0.0566776,1463477,72717567571,2025-11-03 05:00:00+00,true
TER,Teradyne,183.07,1.31001,0.720738,3185956,28670283177,2025-11-03 05:00:00+00,true
TFC,Truist Financial,44.22,-0.41,-0.918664,11314825,56568273433,2025-11-03 05:00:00+00,true
TGT,Target Corporation,91.45,-1.27,-1.36972,5479489,41644435686,2025-11-03 05:00:00+00,true
TJX,TJX Companies,140.41,0.270004,0.192668,5040871,156267733963,2025-11-03 05:00:00+00,true
TKO,TKO Group Holdings,187.71,-0.689987,-0.366235,1031697,15417915422,2025-11-03 05:00:00+00,true
"TMC ","TMC ",,,,,,,false
TMO,Thermo Fisher Scientific,564.88,-2.51001,-0.442378,1558010,213305536754,2025-11-03 05:00:00+00,true
TMUS,T-Mobile US,203.32,-6.73,-3.204,6618790,228064377324,2025-11-03 05:00:00+00,true
TPL,Texas Pacific Land Corporation,924.66,-18.72,-1.98436,80419,21248140633,2025-11-03 05:00:00+00,true
TPR,"Tapestry, Inc.",106.33,-3.49,-3.17793,4310099,22010896044,2025-11-03 05:00:00+00,true
TRGP,Targa Resources,156.09,2.05,1.33083,1695690,33589295390,2025-11-03 05:00:00+00,true
TRMB,Trimble Inc.,79.57,-0.18,-0.225706,1547078,18939949315,2025-11-03 05:00:00+00,true
TROW,T. Rowe Price,101.71,-0.82,-0.799766,1688052,22347236960,2025-11-03 05:00:00+00,true
TRV,Travelers Companies (The),267.66,-0.959991,-0.357379,1439798,59705155011,2025-11-03 05:00:00+00,true
TSCO,Tractor Supply,52.49,-1.62,-2.9939,7643249,27817163995,2025-11-03 05:00:00+00,true
TSLA,"Tesla, Inc.",468.37,11.81,2.58674,84122035,1557713907008,2025-11-03 05:00:00+00,true
TSN,Tyson Foods,51.63,0.220001,0.427935,2117578,18368373830,2025-11-03 05:00:00+00,true
TT,Trane Technologies,446.31,-2.34,-0.521564,996371,98964334333,2025-11-03 05:00:00+00,true
TTD,Trade Desk (The),49.12,-1.16,-2.30708,9415345,24016873203,2025-11-03 05:00:00+00,true
TTWO,Take-Two Interactive,255.65,-0.720001,-0.280845,1486741,47159808571,2025-11-03 05:00:00+00,true
TXN,Texas Instruments,161.46,0,0,5205808,146706278909,2025-11-03 05:00:00+00,true
TXT,Textron,79.98,-0.829994,-1.02709,993661,14094401230,2025-11-03 05:00:00+00,true
TYL,Tyler Technologies,467.02,-9.24002,-1.94012,414740,20204130030,2025-11-03 05:00:00+00,true
UAL,United Airlines Holdings,96.11,2.07,2.20119,5259209,31114458320,2025-11-03 05:00:00+00,true
UBER,Uber,99.72,3.22,3.33679,27080729,207957952916,2025-11-03 05:00:00+00,true
UDR,"UDR, Inc.",33.79,0.100002,0.296831,2334663,12721565851,2025-11-03 05:00:00+00,true
UHS,Universal Health Services,220.7,3.69,1.70038,695053,14045058688,2025-11-03 05:00:00+00,true
ULTA,Ulta Beauty,517.43,-2.45001,-0.471265,484626,23200714356,2025-11-03 05:00:00+00,true
UNH,UnitedHealth Group,333.79,-7.76999,-2.27485,11084886,305183771219,2025-11-03 05:00:00+00,true
UNP,Union Pacific Corporation,218.82,-1.54999,-0.703357,3528853,129795470075,2025-11-03 05:00:00+00,true
UPS,United Parcel Service,94.09,-2.33,-2.41651,6586504,78622984815,2025-11-03 05:00:00+00,true
URI,United Rentals,857.41,-13.77,-1.58062,453625,54557122630,2025-11-03 05:00:00+00,true
USB,U.S. Bancorp,46.62,-0.0600014,-0.128538,5883834,72789358316,2025-11-03 05:00:00+00,true
V,Visa Inc.,336.9,-3.84,-1.12696,3922840,651315069616,2025-11-03 05:00:00+00,true
VICI,Vici Properties,30.09,0.1,0.333446,7982730,32160534316,2025-11-03 05:00:00+00,true
VLO,Valero Energy,171.6,2.04001,1.20312,1633028,52506325508,2025-11-03 05:00:00+00,true
VLTO,Veralto,98.94,0.260002,0.26348,1579529,24989757561,2025-11-03 05:00:00+00,true
VMC,Vulcan Materials Company,288.55,-0.950012,-0.328156,1611260,38126371024,2025-11-03 05:00:00+00,true
VRSK,Verisk Analytics,215.4,-3.36,-1.53593,2098045,30020850727,2025-11-03 05:00:00+00,true
VRSN,Verisign,244.56,4.75999,1.98499,1100129,22670711773,2025-11-03 05:00:00+00,true
VRTX,Vertex Pharmaceuticals,426,0.429993,0.101039,1880072,109222417326,2025-11-03 05:00:00+00,true
VST,Vistra Corp.,193.04,4.73999,2.51725,3542963,65895635609,2025-11-03 05:00:00+00,true
VTR,Ventas,74.13,0.339996,0.460762,4235731,35069071949,2025-11-03 05:00:00+00,true
VTRS,Viatris,10.53,0.17,1.64093,9735933,12156539897,2025-11-03 05:00:00+00,true
VZ,Verizon,39.47,-0.27,-0.679417,36572849,166422319197,2025-11-03 05:00:00+00,true
WAB,Wabtec,204.92,0.479996,0.234786,1214097,35032546242,2025-11-03 05:00:00+00,true
WAT,Waters Corporation,345.59,-4.01001,-1.14703,752001,20570943868,2025-11-03 05:00:00+00,true
WBA,Walgreens Boots Alliance,,,,,,,false
WBD,Warner Bros. Discovery,22.29,-0.16,-0.712694,39943248,55184966432,2025-11-03 05:00:00+00,true
WDAY,"Workday, Inc.",237.68,-2.24001,-0.933647,2181653,61595782618,2025-11-03 05:00:00+00,true
WDC,Western Digital,158.02,7.81,5.19939,13154746,54168551747,2025-11-03 05:00:00+00,true
WEC,WEC Energy Group,110.61,-1.12,-1.00242,2570465,36260966460,2025-11-03 05:00:00+00,true
WELL,Welltower,182.32,1.28001,0.707034,2818150,125131333826,2025-11-03 05:00:00+00,true
WFC,Wells Fargo,87.3,0.330002,0.379443,12486077,274902181861,2025-11-03 05:00:00+00,true
WM,Waste Management,196.77,-3,-1.50173,2257816,79589605116,2025-11-03 05:00:00+00,true
WMB,Williams Companies,59.03,1.16,2.00449,10164316,72086102025,2025-11-03 05:00:00+00,true
WMT,Walmart,101.59,0.409996,0.405214,12540380,818367332490,2025-11-03 05:00:00+00,true
WRB,W. R. Berkley Corporation,71.78,0.440002,0.616768,2146486,27344014572,2025-11-03 05:00:00+00,true
WSM,"Williams-Sonoma, Inc.",192.62,-1.72,-0.885047,774929,23459253347,2025-11-03 05:00:00+00,true
WST,West Pharmaceutical Services,279.78,-2.29001,-0.811858,426035,20128327721,2025-11-03 05:00:00+00,true
WTW,Willis Towers Watson,314,0.899994,0.287446,1263766,30534452720,2025-11-03 05:00:00+00,true
WY,Weyerhaeuser,22.51,-0.49,-2.13043,7166445,16601344011,2025-11-03 05:00:00+00,true
WYNN,Wynn Resorts,125.73,6.74001,5.66435,2141213,13072969591,2025-11-03 05:00:00+00,true
XEL,Xcel Energy,81.26,0.090004,0.110883,4707053,48068523217,2025-11-03 05:00:00+00,true
XOM,ExxonMobil,113.76,-0.599998,-0.524658,12285807,486386480437,2025-11-03 05:00:00+00,true
XYL,Xylem Inc.,149.09,-1.76001,-1.16673,854079,36462429025,2025-11-03 05:00:00+00,true
XYZ,"Block, Inc.",74.3,-1.64,-2.1596,5291526,44087325792,2025-11-03 05:00:00+00,true
YUM,Yum! Brands,139.38,1.17,0.846537,3052287,38682926663,2025-11-03 05:00:00+00,true
ZBH,Zimmer Biomet,99.88,-0.68,-0.676214,1473839,19785826337,2025-11-03 05:00:00+00,true
ZBRA,Zebra Technologies,270.58,1.32999,0.49396,786385,13707647600,2025-11-03 05:00:00+00,true
ZTS,Zoetis,144.35,0.26001,0.18045,3991266,63973536888,2025-11-03 05:00:00+00,true